<!DOCTYPE hibernate-configuration PUBLIC
        "-//Hibernate/Hibernate Configuration DTD 3.0//EN"
        "http://www.hibernate.org/dtd/hibernate-configuration-3.0.dtd">
<hibernate-configuration>
    <session-factory>
        <!-- JDBC Database connection settings -->
        <property name="connection.driver_class">com.mysql.jdbc.Driver</property>
        <property name="connection.url">jdbc:mysql://localhost:3306/employees</property>
        <property name="connection.username">root</property>
        <property name="connection.password">Manohar@143</property>
        <!-- Echo the SQL to stdout -->
        <property name="show_sql">true</property>
        <!-- Set the current session context -->
        <property name="current_session_context_class">thread</property>
        <!-- Drop and re-create the database schema on startup -->
        <property name="hbm2ddl.auto">update</property>
      <property name="hibernate.dialect">org.hibernate.dialect.MySQLDialect</property>
        <mapping class="com.Hibernateexcersie.EmployeeDetails"/>
        <mapping class="com.Hibernateexcersie.EmployeeLogTab"/>
        <mapping class="com.Hibernateexcersie.UpdateLogTable"/>
    </session-factory>
</hibernate-configuration>